{"cameraMode":{"drawMode":0,"name":"Shaded","section":"Shading Mode"},"sceneLighting":true,"audioPlay":false,"sceneViewState":{"showFog":true,"showMaterialUpdate":false,"showSkybox":true,"showFlares":true,"showImageEffects":true,"showParticleSystems":true},"in2DMode":false,"pivot":{"x":-8.979949951171875,"y":-272.72882080078127,"z":100.5248794555664},"rotation":{"x":-0.4212210178375244,"y":-0.5685524344444275,"z":0.4232310652732849,"w":-0.5658591389656067},"size":596.1265258789063,"orthographic":false}