{"cameraMode":{"drawMode":0,"name":"Shaded","section":"Shading Mode"},"sceneLighting":true,"audioPlay":false,"sceneViewState":{"showFog":true,"showMaterialUpdate":false,"showSkybox":true,"showFlares":true,"showImageEffects":true,"showParticleSystems":true},"in2DMode":false,"pivot":{"x":2.447739362716675,"y":7.224584102630615,"z":0.2105865478515625},"rotation":{"x":0.19104008376598359,"y":0.03121860697865486,"z":-0.006078634411096573,"w":0.9810668230056763},"size":16.843690872192384,"orthographic":false}